keyword,part_of_speech
careful,adjective
casual,adjective
clear,adjective
complex,adjective
consistent,adjective
controversial,adjective
credible,adjective
critical,adjective
decisive,adjective
deliberate,adjective
detailed,adjective
direct,adjective
effective,adjective
efficient,adjective
emerging,adjective
explicit,adjective
fair,adjective
formal,adjective
gradual,adjective
independent,adjective
innovative,adjective
measured,adjective
notable,adjective
ordinary,adjective
practical,adjective
precise,adjective
public,adjective
rapid,adjective
recent,adjective
reliable,adjective
responsible,adjective
routine,adjective
significant,adjective
strategic,adjective
subtle,adjective
thorough,adjective
transparent,adjective
uncertain,adjective
unexpected,adjective
urgent,adjective
widely,adverb
carefully,adverb
clearly,adverb
closely,adverb
consistently,adverb
directly,adverb
effectively,adverb
eventually,adverb
explicitly,adverb
formally,adverb
gradually,adverb
independently,adverb
initially,adverb
notably,adverb
openly,adverb
partially,adverb
practically,adverb
precisely,adverb
promptly,adverb
publicly,adverb
quietly,adverb
rapidly,adverb
recently,adverb
repeatedly,adverb
reportedly,adverb
responsibly,adverb
roughly,adverb
seriously,adverb
significantly,adverb
strategically,adverb
strongly,adverb
substantially,adverb
temporarily,adverb
thoroughly,adverb
unexpectedly,adverb
actively,adverb
announce,verb
assess,verb
authorize,verb
clarify,verb
compare,verb
confirm,verb
consider,verb
coordinate,verb
decide,verb
deliver,verb
describe,verb
develop,verb
disclose,verb
evaluate,verb
examine,verb
explain,verb
identify,verb
implement,verb
improve,verb
investigate,verb
launch,verb
measure,verb
monitor,verb
negotiate,verb
observe,verb
organize,verb
prioritize,verb
propose,verb
publish,verb
question,verb
recommend,verb
reconsider,verb
report,verb
respond,verb
review,verb
revise,verb
signal,verb
support,verb
verify,verb
address,verb
allocate,verb
analysis,noun
approach,noun
assessment,noun
benefit,noun
challenge,noun
change,noun
claim,noun
concern,noun
context,noun
decision,noun
development,noun
evidence,noun
finding,noun
framework,noun
guidance,noun
impact,noun
initiative,noun
issue,noun
measure,noun
method,noun
milestone,noun
objective,noun
outcome,noun
pattern,noun
plan,noun
policy,noun
priority,noun
process,noun
proposal,noun
recommendation,noun
report,noun
response,noun
result,noun
review,noun
risk,noun
scenario,noun
strategy,noun
study,noun
trend,noun
update,noun
warning,noun
community,context
committee,context
organization,context
leadership,context
management,context
officials,context
participants,context
professionals,context
public,context
researchers,context
stakeholders,context
team,context
audience,context
experts,context
observers,context
